step,return
40000,3.3239266304361763
80000,3.5927323225424517
